DDO,Total Budget Allotment,Expenditure During Month(April),Progressive Expenditure upto month(April),%of Alt./Exp.
2003-सहायक आबकारी आयुक्त,2236725629.00,0.00,2872795320.00,128.44
2007-आबकारी आयुक्त,321482229.00,0.00,362506566.00,112.76
"2032-निदेशक, भूतत्व एवं खनिकर्म निदेशालय",503401852.00,0.00,469960793.00,93.36
"2036-जियोलोजिस्ट, क्षेत्रीय कार्यालय भूतत्व एवं खनिकर्म",26091000.00,0.00,25545306.00,97.91
2051-निदेशक - कुटीर एवं ग्रामीण उद्योग,976362000.00,0.00,1010852991.00,103.53
2052-निदेशक -उ0 निदे0,2428319998.00,0.00,2517441216.00,103.67
2053-संयुक्त आयुक्त- उप आयुक्त,9952340771.00,0.00,9754351263.00,98.01
2054-आयुक्त एवं निदेशक - हथकरघा,1851335259.00,0.00,1871838450.00,101.11
2055-संयुक्त निदेशक - हथकरघा,171690705.00,0.00,213358615.00,124.27
2057--,500000.00,0.00,500000.00,100.00
"2064-निदेशक, रेशम निदेशालय",95877604.00,0.00,94890442.00,98.97
2065-उप निदेशक - रेशम,46265800.00,0.00,55709585.00,120.41
2066-सहायक निदेशक - रेशम,256795596.00,0.00,270950036.00,105.51
2081-निदेशक प्रिंटिंग प्रेस,1409761000.00,0.00,1456200396.00,103.29
2082-संयुक्त निदेशक - प्रिंटिंग प्रेस,462279000.00,0.00,539515173.00,116.71
2083-संयुक्त निदेशक - प्रिंटिंग प्रेस,99965000.00,0.00,111454267.00,111.49
2084-संयुक्त निदेशक - प्रिंटिंग प्रेस,113268000.00,0.00,139862008.00,123.48
"2092-संयुक्त निदेशक, विद्युत सुरक्षा",120340756.00,0.00,144220515.00,119.84
"2093-उप निदेशक, विद्युत सुरक्षा",193925220.00,0.00,241924978.00,124.75
2101-उपनिदेशक उद्यान/ संयुक्त निदेशक,1297344865.00,0.00,1407239215.00,108.47
2103-जिला उद्यान अधिकारी/अधीक्षक राजभवन उद्यान,3461649619.00,0.00,3560247877.00,102.85
2104-मुख्य उद्यान विशेषज्ञ - जिला उद्यान अधिकारी,56908250.00,0.00,69943987.00,122.91
2106-आलू एवं शाक भाजी विकास अधिकारी,32666701.00,0.00,35899965.00,109.90
2107-प्रधानाचार्य-खाद्य प्रसंस्करण- फल संरक्षण अधिकारी,270802546.00,0.00,350264861.00,129.34
"2114-अधीक्षक, राजकीय उद्यान",403775503.00,0.00,445842504.00,110.42
2119-संयुक्त निदेशक,141203807.00,0.00,165420018.00,117.15
2120-सिट्रस विशेषज्ञ,22830400.00,0.00,25546668.00,111.90
"2121-निदेशक, उद्यान एवं खाद्य प्रसंस्करण",1416971025.00,0.00,1502620586.00,106.04
2122-विषाणुविद,7189600.00,0.00,9223827.00,128.29
2130-उप कृषि निदेशक,-68000.00,0.00,0.00,-
2132-उप कृषि निदेशक- शोध,216818936.00,0.00,260308655.00,120.06
2134-उप कृषि निदेशक,22203870024.00,0.00,22123336004.00,99.64
2138-निदेशक - कृषि विपणन,74072960.00,0.00,90315660.00,121.93
2139-सहायक कृषि विपणन अधिकारी,155413617.00,0.00,187888925.00,120.90
2149--,1162435000.00,0.00,658892614.00,56.68
2189-निदेशक - राज्य कृषि प्रबन्ध संस्थान,154640000.00,0.00,120834614.00,78.14
2190-प्रधानाचार्य - राजकीय कृषि वि0,54737000.00,0.00,76241584.00,139.29
2191-केन्द्र अध्यक्ष -राज0 भूमि संरक्षण प्रशि0के0,18647000.00,0.00,21154550.00,113.45
2192-वित्त नियंत्रक - कृषि निदेशालय,26440157893.00,0.00,26065797926.00,98.58
2213-परियोजना प्रशासक ग्रेटर शारदा कमा0 मुख्यालय,164735158.00,0.00,225983848.00,137.18
2214-उप कृषि निदेशक-भू0 सं0 - भूमि संरक्षण अधि0,965885417.00,0.00,1345130918.00,139.26
2216-उप कृषि नि0 भु0 सं0 - भु0 सं0 अधि0,-3638500.00,0.00,0.00,-
2222-निदेशक द्वरा नामित अधि0- भूगर्भ जल,561737700.00,0.00,296216094.00,52.73
2223-अधि0अभि0-सीनि0 हाइड्रोजियो0-सीनि0जियोफि0,380000600.00,0.00,427155184.00,112.41
2230-निदेशक एवं मुख्य अभियन्ता,173855260.00,0.00,264688816.00,152.25
2231-अधिशासी अभियन्ता,3137311596.00,0.00,4170556339.00,132.93
2233-मुख्य अभियन्ता - लघु सिंचाई,126019000.00,0.00,151476656.00,120.20
2234-अधीक्षण अभियंता एवम निदेशक प्रशि0- लघु सिंचाई,17826000.00,0.00,22491900.00,126.17
2235-अधिशासी अभियन्ता - लघु सिंचाई,2057433000.00,0.00,2665853201.00,129.57
2252-सहा0 विकास आयुक्त,61469232770.00,0.00,61541890665.00,100.12
2253-जिलाधिकारी द्वारा नामित अधि0,20946700430.00,0.00,23582890244.00,112.59
2254-जिला0 द्वारा नामित अधि- नए जिले-सं0 निदे0 आ0 वि0अ,114654700.00,0.00,129581059.00,113.02
2255-आचार्य - क्षेत्रीय ग्राम्य विकास संस्थान,23572600.00,0.00,30293400.00,128.51
2256-आचार्य - क्षेत्रीय ग्राम्य विकास संस्थान,302486600.00,0.00,383302775.00,126.72
2257-जिला प्रशिक्षण अधिकारी- जिला ग्राम्य विकास संस्थान,199674400.00,0.00,223600691.00,111.98
2281-जिला पंचायत राज अधिकारी,45026735500.00,0.00,50081606053.00,111.23
"2283-निदेशक, पंचायती राज(लेखा), उ0प्र0",20656874.00,0.00,22853840.00,110.64
2286-वित्तीय परामर्शदाता वित्त एवम लेखाधिकारी,135836782.00,0.00,160971136.00,118.50
"2287-निदेशक, पंचायती राज, उ0प्र0",185765280500.00,0.00,185699310523.00,99.96
"2288-महानिदेशक, प्रांतीय रक्षक दल/ विकास दल एवं युवा कल्याण निदेशालय",556920204.00,0.00,574618308.00,103.18
2289-जिला युवा कल्याण एवं पी.वी.डी. अधिकारी,1579551583.00,0.00,1668123125.00,105.61
2291-आहरण वितरण अधिकारी-मुख्यालय,5902041461.00,0.00,5905544434.00,100.06
2292-अपर निदेशक-ग्रेड-2 - पशुपालन,171230110.00,0.00,186687465.00,109.03
2293-उपनिदेशक - प्रक्षेत्र,47001812.00,0.00,64343861.00,136.90
2294-मु0त0अ0-प्र0 प्रब0-अधी-0 रा0पशु0एवं कृषि प्र0,561850744.00,0.00,691346451.00,123.05
2295-मुख्य पशु चिकित्सा अधिकारी,11092918469.00,0.00,12055119094.00,108.67
2297-उप निदेशक- संयु0 निदे0- प्रायोजना निदे0,269419281.00,0.00,305660708.00,113.45
2298-सं0 निदेशक - पशुपालन,112727611.00,0.00,115287763.00,102.27
2299-रजिस्ट्रार - पशुचिकि0 परिषद,8060000.00,0.00,12695992.00,157.52
2302-प्रधानाचार्य - प्रशि0के0- बी0के0टी0,23370856.00,0.00,26380235.00,112.88
2353-दुग्धशाला विकास - उप दुग्धशाला विकास अधिकारी,1665645332.00,0.00,1690756372.00,101.51
2357-दुग्धशाला विकास - उप दुग्धशाला विकास अधिकारी,438666486.00,0.00,465328827.00,106.08
2366-सहायक निदेशक - मत्स्य,601417665.00,0.00,608127222.00,101.12
"2371-सहा0/ संयुक्त निबन्धक, सहकारी समितियां, उ0प्र0",1013160295.00,0.00,1114752807.00,110.03
"2372-मॆम्बर फ़ॉर चेयरमेन, यू0पी0 कोआपेरेटिव ट्रिब्युनल",15571000.00,0.00,14533388.00,93.34
"2373-सचिव, कृते अध्यक्ष, उ0प्र0 सह0 संस्था0 सेवा मण्डल",23017000.00,0.00,18627942.00,80.93
"2374-पुलिस अधीक्षक, विशेष अनु0 शाखा(सहकारिता)",212619000.00,0.00,233699813.00,109.91
"2379-सहा0 निबन्धक(मुख्या0), सहकारी समितियां, उ0प्र0",9006031418.00,0.00,9303132481.00,103.30
"2380-सहा0 निबन्धक, सहकारी समितियां, उ0प्र0, रामपुर",17068133.00,0.00,19595850.00,114.81
2381-अपर सॉ0 अधिकारी,232088784.00,0.00,235427329.00,101.44
2386-सचिव- उ0 प्र0 राज्य सहकारी समिति निर्वाचन आयोग,54912529.00,0.00,50471322.00,91.91
2404-सचिव- लोक सेवा आयोग- उ0 प्र0,813964000.00,0.00,792872854.00,97.41
"2410-उप /सहायक नियंत्रक, विधिक माप विज्ञान",483222397.00,0.00,570420615.00,118.05
"2411-नियंत्रक, विधिक माप विज्ञान विभाग",80396603.00,0.00,52650312.00,65.49
2412-निबंधक-आहरण वितरण अधिकारी राज्य उपभोक्ता आयोग,103555300.00,0.00,95933216.00,92.64
"2431-उप मुख्य लेखाधिकारी, आयुक्त कार्या0, खाद्य एवं रसद",217518851.00,0.00,261285905.00,120.12
2432-जिला खाद्य विपणन अधिकारी -जिला पूर्ति अधिकारी,1474518620.00,0.00,1659693892.00,112.56
2433-संभागीय लेखाधिकारी/ संभागीय वरिष्ठ लेखाधिकारी,138921325767.00,0.00,138581689417.00,99.76
2434-अध्यक्ष जिला उपभोक्ता विवाद प्रतितोष फोरम,393146832.00,0.00,375635438.00,95.55
2435-अध्यक्ष जिला उपभोक्ता विवाद प्रतितोष फोरम-II,21056400.00,0.00,20462152.00,97.18
2442-क्रीडाधिकारी,294816210.00,0.00,329652064.00,111.82
2443-क्षेत्रीय क्रीडाधिकारी,392277545.00,0.00,416981937.00,106.30
2445-उप निदेशक - खेल,908127641.00,0.00,886069211.00,97.57
2452-उप गन्ना आयुक्त,553507626.00,0.00,618345412.00,111.71
2453-जिला गन्ना अधिकरी,2495449599.00,0.00,2762498484.00,110.70
2455-उप / संयुक्त गन्ना आयुक्त,210264996.00,0.00,230438825.00,109.59
2461-सहायक/ उप सहायक चीनी आयुक्त,436797506.00,0.00,462755708.00,105.94
2466-गन्ना आयुक्त,10842747129.00,0.00,10825878749.00,99.84
"2471-महानिरीक्षक, कारागार",2078901390.00,0.00,2119043949.00,101.93
"2472-अपर महानिरीक्षक, कारागार (प्रशिक्षण)",44224199.00,0.00,51842578.00,117.23
2474-वरिष्ठ अधीक्षक - आदर्श कारागार,132728966.00,0.00,170316938.00,128.32
2475-कारागार अधीक्षक,4844118363.00,0.00,5677095173.00,117.20
2476-अधीक्षक - नारी बन्दी निकेतन,43734520.00,0.00,45393553.00,103.79
"2477-वरिष्ठ अधीक्षक, सेंट्रल जेल",961081886.00,0.00,1132005172.00,117.78
"2478-वरिष्ठ अधीक्षक, जेल",924240886.00,0.00,1042108273.00,112.75
"2479-कारागार अधीक्षक, महोबा",44469833.00,0.00,52914160.00,118.99
"2481-वरिष्ठ अधीक्षक, किशोर सदन",10870660.00,0.00,14520854.00,133.58
2487-पुलिस अधीक्षक ई0ओ0ड्ब्लू0 - सी0आई0डी0,118771846.00,0.00,200084188.00,168.46
2495-डी0 आई0 जी0 - पीएसी मुख्या0-सेक्टर -जोन कार्या0,293998094.00,0.00,293058119.00,99.68
2498-पुलिस महानिरीक्षक- ए0टी0एस0,511593000.00,0.00,522220856.00,102.08
2500-सेनानायक-विशेष परिक्षेत्र सुरक्षा वाहिनी,434769253.00,0.00,487608867.00,112.15
2501-अपर सचिव - प्रोन्नति,1271280000.00,0.00,1038118499.00,81.66
2506-निदेशक- रेडियो संचार,1371563447.00,0.00,1892142865.00,137.96
2516-पुलिस उपमहानिरीक्षक - रेलवे,83235611.00,0.00,103536315.00,124.39
2519-महानिदेशक अभियोजन - उ0प्र0,95668471.00,0.00,98515293.00,102.98
2521-पुलिस महानिरीक्षक - रूल्स एवं मैनुअल,14464500.00,0.00,19756187.00,136.58
2522-पुलिस उपमहानिरीक्षक -पी0ए0सी0-सेक्टर,99649829.00,0.00,139228259.00,139.72
2523-आई0जी0 रेलवे - एस0एस0पी0-कुम्भ मेला,18809603.00,0.00,102111229.00,542.87
2524-पुलिस महानिरीक्षक - सुरक्षा अभिसूचना,1138659700.00,0.00,1263486677.00,110.96
2526-पुलिस महानिरीक्षक - मानवाधिकार,7388161.00,0.00,3304553.00,44.73
2527-पुलिस अधीक्षक - सहा0 निदेशक - कम्प्यूटर केंद्र,1104806843.00,0.00,605524494.00,54.81
2528-पुलिस महानिरीक्षक - पी0टी0एस0,293426587.00,0.00,404239552.00,137.77
2529-पुलिस महानिरीक्षक - पी0टी0सी0 - एस0टी0एफ0,782721748.00,0.00,882761788.00,112.78
2530-अपर पुलिस महानिदेशक - फायर सर्विस,385623057.00,0.00,379767099.00,98.48
2531-पुलिस महानिरीक्षक - भ्रष्टाचार निवारण,233525680.00,0.00,401352970.00,171.87
2532-पुलिस महानिरीक्षक - विशेष जांच,56816500.00,0.00,83163797.00,146.37
2533-पुलिस महानिरीक्षक - प्रशासन,1101829536.00,0.00,1253123837.00,113.73
2534-अपर पुलिस महानिदेशक - मु0,15770763290.00,0.00,13019794636.00,82.56
2535-पुलिस उपमहानिरीक्षक - सी0आई0डी0,717694781.00,0.00,1128497337.00,157.24
2536-पुलिस उपमहानिरीक्षक - अभिसूचना,483067889.00,0.00,715235787.00,148.06
2537-पुलिस उपमहानिरीक्षक - ई0ओ0ड्ब्लू,214700154.00,0.00,344970225.00,160.68
2538-पुलिस उपमहानिरीक्षक - रेंज,189213800.00,0.00,228028899.00,120.51
2539-पुलिस उपमहानिरीक्षक - ए०टी0सी0,96018500.00,0.00,117648185.00,122.53
2541-पुलिस उपमहानिरीक्षक - विशेष जांच,-15000.00,0.00,0.00,-
2542-पुलिस अधीक्षक - रेलवे,3799586225.00,0.00,4477353152.00,117.84
2543-पुलिस अधीक्षक - अभिसूचना,1052692885.00,0.00,1465338451.00,139.20
2544-सेनानायक- वाहिनी-पी0ए0सी0,20346887396.00,0.00,25580677428.00,125.72
2545-निदेशक- विधिविज्ञान प्रयो0-सेना0 - पी0ए0सी0- 47 वी,1088138123.00,0.00,1162174224.00,106.80
2546-पुलिस अधीक्षक - राज्य मोटर वाहन अधि0,83761111.00,0.00,121221327.00,144.72
2548-शिविरपाल- केंद्रीय भण्डार,55435000.00,0.00,71263942.00,128.55
2549-सेनानायक- अग्निशमन प्रशि0 के0,66188685.00,0.00,99339347.00,150.09
2550-पुलिस अधीक्षक - रिसर्च इंफार्मेशन ब्यूरो,77811600.00,0.00,90908942.00,116.83
2551-वरि0 पुलिस अधीक्षक - पुलिस अधीक्षक-पुलिस आयुक्त,152431315826.00,0.00,189426853545.00,124.27
2552--,43196874.00,0.00,59600482.00,137.97
2553-पुलिस महानिरीक्षक- जोन,110717541.00,0.00,116737565.00,105.44
2554-अपर पुलिस महानिदेशक,2644624589.00,0.00,2279640752.00,86.20
2555-सेनानायक - पी0ए0सी0,5651673649.00,0.00,7246171015.00,128.21
2556-सेनानायक- पी0टी0एस0 मुरादाबाद-27वी पी0ए0सी0सीतापुर,673085300.00,0.00,864776494.00,128.48
2557-सेनानायक आर0टी0सी0-चुनार,72922862.00,0.00,91348094.00,125.27
2558-सेनानायक - पी0ए0सी0- 23 वीं वाहनी,645985748.00,0.00,806341533.00,124.82
2559-सेनानायक पी0ए0सी0- पुलिस अधीक्षक- ग्रामीण,683864185.00,0.00,941238917.00,137.64
2560-अपर पुलिस महानिदेशक - ड0 बी0आर0 अम्बेडकर पु0 -अ0,330519295.00,0.00,421969252.00,127.67
2561-डी0 आई0 जी0 - आई0 जी0 - पी0ए0सी0,36382192.00,0.00,40266075.00,110.68
2562-आई0 जी0 - पी0ए0सी0 - पूर्वी जोन,-49702.00,0.00,0.00,-
2563-सेनानायक आपदा मोचन बल,272235590.00,0.00,236668440.00,86.94
2566-प्रधानाचार्य - पी0टी0एस0,75536976.00,0.00,109707248.00,145.24
2571-जिला कमाण्डेंट होमगार्ड,11543119832.00,0.00,11878034552.00,102.90
2572-स्टाफ अधि0 होमगार्ड महा0 लखनऊ,363457959.00,0.00,409810495.00,112.75
2578-सी0 डी0 ओ0 अथवा जिलाधिकारी द्वारा नामित अधिकारी,128990117.00,0.00,148663912.00,115.25
2579-निदेशक - नागरिक सुरक्षा,34939000.00,0.00,27970141.00,80.05
2580--,12615475.00,0.00,16085074.00,127.50
2590-पुलिस महानिरीक्षक-वूमेन पावर लाइन सेल,1150611609.00,0.00,360492662.00,31.33
2591-अपर जिलाधिकारी -वित्त एवं राजस्व,117954800.00,0.00,145839573.00,123.64
2592-अपर-संयुक्त निदे0- अभियोजन,1113285904.00,0.00,1294587076.00,116.29
2593-सहा0 आयुक्त स्टाम्प,1488060793.00,0.00,2241071555.00,150.60
2594-संयुक्त सचिव,89188937.00,0.00,48315072.00,54.17
2611-विशेष सचिव एवं वित्त नियंत्रक - राज्यपाल सचिवालय,223873858.00,0.00,189275044.00,84.55
2623-अपर निदेशक -राजस्व व विशिष्ट अभिसूचना,39950000.00,0.00,42497667.00,106.38
"2643-महानिदेशक, चिकित्सा शिक्षा",6188199890.00,0.00,6176705871.00,99.81
2646-प्रधानाचार्य,11459584316.00,0.00,11613811904.00,101.35
2661-मुख्य चिकित्साधिकारी,59412449158.00,0.00,63268949373.00,106.49
2662-मुख्य चिकित्सा अधीक्षक,13173635664.00,0.00,13921898589.00,105.68
2663-मुख्य चिकित्सा अधीक्षिका,4656495424.00,0.00,4976863882.00,106.88
2664-मुख्य चिकित्सा अधीक्षक,2532228250.00,0.00,2654699846.00,104.84
2665-निदेशक - मु.चि.अधी.,571590472.00,0.00,564128890.00,98.69
2666-मुख्य चिकित्सा अधीक्षक,211516206.00,0.00,218980371.00,103.53
2667-मुo चिo अधीक्षिका - मु0 चि0 अधि0,126993368.00,0.00,133525630.00,105.14
"2668-मुख्य चिकित्सा अधीक्षक,सचिवालय, डिस्पेंसरी",24820216.00,0.00,24261314.00,97.75
2669- निदेशक - मु0चिकि0अधी0,632705464.00,0.00,629678545.00,99.52
2670-निदेशक - मु0चिकि0अधी0,227494100.00,0.00,226742261.00,99.67
2671-निदेशक एवं प्रमुख अधीक्षक,566843491.00,0.00,633242991.00,111.71
2672-मुख्य चिकित्सा अधीक्षक - मानसिक चिकित्सालय,226890994.00,0.00,249418799.00,109.93
2673-अपर निदेशक,59117247.00,0.00,76141202.00,128.80
"2674-अपर निदेशक,मलेरिया,",71170327.00,0.00,84044599.00,118.09
2675-प्रधानाचार्य-राज0 एलो0 मेडि0 कॉ0 -,4372872554.00,0.00,4266740234.00,97.57
2676-मुख्य चिकित्सा अधीक्षक,393206135.00,0.00,383546755.00,97.54
2677-मुख्य चिकित्सा अधी0,34850188.00,0.00,26621265.00,76.39
2678-राज्य स्वास्थ्य शिक्षा ब्युरो,12493000.00,0.00,13654475.00,109.30
2679-आयुक्त- खाद्य सुरक्षा एवं ऑषधि प्रशासन,167132238.00,0.00,183575928.00,109.84
2680-निदेशक - राज्य स्वास्थ्य एवं प0 क0 संस्थान - इन्दिरा नगर - लखनऊ,64534000.00,0.00,45150921.00,69.96
2681-प्रधानाचार्य - संभा परिवार कल्याण प्रशिक्षण केन्द्र,233962689.00,0.00,256311219.00,109.55
"2682-अपर निदेशक,स्टेट मेडिको लींगल एक्सपर्ट",10848106.00,0.00,12974290.00,119.60
"2683-मण्डलीय अपर निदेशक, चि0 स्वा0 एवं परि0 कल्याण",799990533.00,0.00,908398702.00,113.55
2684-संयुक्त निदेशक-विद्युत परिवहन एवं सिविल अभियंत्रण,181866039.00,0.00,162954237.00,89.60
2687-संयुक्त निदेशक - मु0,3504367060.00,0.00,3622202182.00,103.36
"2688-परियोजना निदेशक, उ0प्र0,हेल्थ सिस्टम डेवलपमेंट परि",381426000.00,0.00,289343530.00,75.86
2689-अभिहित अधिकारी,1036994899.00,0.00,1070062820.00,103.19
"2710-निदेशक/ प्रोफेसर, हृदय संस्थान, कानपुर",910148665.00,0.00,915310837.00,100.57
2711-प्रधानाचार्य,21229310.00,0.00,22075299.00,103.99
2751-क्षेत्रीय आयुर्वेदिक अधिकारी,6457072000.00,0.00,6761647319.00,104.72
"2752-प्राचार्य, राजकीय आयुर्वेद कॉलेज",1300855370.00,0.00,1383551408.00,106.36
2753-निदेशक- यूनानी निदेशालय,42391800.00,0.00,45011516.00,106.18
"2754-निदेशक, आयुर्वेदिक निदेशालय",1062997600.00,0.00,1075141445.00,101.14
2755-प्राचार्य- राजकीय यूनानी कॉलेज,272759275.00,0.00,296269656.00,108.62
2757-अधीक्षक - आयुर्वेदिक औषधि निमाणशाला,151621000.00,0.00,173413878.00,114.37
2758-क्षेत्रीय यूनानी अधिकारी,193321000.00,0.00,222519381.00,115.10
"2761-प्राचार्य, होम्योपैथी मेडिकल कॉलेज एवं अस्पताल",626028254.00,0.00,643802421.00,102.84
2762-जिला होम्योपैथी चिकित्साधिकारी,3189758411.00,0.00,3622561508.00,113.57
"2764-निदेशक, होम्योपैथी निदेशालय",410338300.00,0.00,413886468.00,100.86
"2774-संयुक्त निदेशक/ आ0वि0अ0, परिवार कल्याण निदेशालय",49177092527.00,0.00,49190839496.00,100.03
2871-सहयुक्त नियोजक -सम्भागीय नियोजन खण्ड - CCP NCR,199236091.00,0.00,262110265.00,131.56
2872-आ0 वि0 अ0 नगर नियोजक,106983309.00,0.00,134465646.00,125.69
2877-निदेशक - स्थानीय निकाय,133407878162.00,0.00,134774281105.00,101.02
2878-मेलाधिकारी-कुम्भ,5149578877.00,0.00,4574394508.00,88.83
2879--,11446000.00,0.00,21210796.00,185.31
2880-जिलाधिकारी- माघ मेला अधिष्ठान,380011623.00,0.00,331412345.00,87.21
2881--,51060000.00,0.00,82013662.00,160.62
2904-निदेशक - नगरिक उड्डयन,2295576385.00,0.00,908974489.00,39.60
2931-संयुक्त निदेशक-राज्य योजना आयोग,100241500.00,0.00,88837129.00,88.62
2934--,216002367.00,0.00,261570675.00,121.10
2935-प्रमुख सचिव नियोजन द्वारा नामित अधिकारी,218570650.00,0.00,206356263.00,94.41
2937-प्रमुख सचिव - नियोजन द्वारा नामित अधिकारी,188065000.00,0.00,150671766.00,80.12
2944-अर्थ एवं संख्या अधिकारी,5795765367.00,0.00,5965786516.00,102.93
"2961-सचिव, राज्य निर्वाचन आयोग",113748572.00,0.00,111189497.00,97.75
"2962-उप जिला निर्वाचन अधिकारी, पंचास्थानीय चुनाव",359534878.00,0.00,350500502.00,97.49
2964-जिला निर्वाचन अधिकारी,4041674569.00,0.00,4021020905.00,99.49
2965-मुख्य निर्वाचन अधिकारी - उ0 प्र0,791249111.00,0.00,784890697.00,99.20
4001-महाधिवक्ता - उच्च न्यायालय -इलाहाबाद,61686000.00,0.00,61101750.00,99.05
4002-शासकीय अधिवक्ता . मु0 स्थाई अधिवक्ता,1661968568.00,0.00,1727385984.00,103.94
4003-Principal Judge,677088912.00,0.00,534038164.00,78.87
4004-विशेष सचिव न्याय. अपर विधि परामर्शी. विधि कोष्टक. इलाहाबाद,10452000.00,0.00,10253484.00,98.10
4005-महाप्रशासक एवं शासकीय न्यासी . उच्च न्याo इलाहाबाद,8658000.00,0.00,7497695.00,86.60
4006-उप सचिव - उ0प्र0 राज्य विधिक सेवा प्रा0,640097000.00,0.00,638855340.00,99.81
4007-सचिव - उच्च न्यायालय विधिक सेवा समिति,3178512.00,0.00,3020029.00,95.01
4008-commercial court,30019230.00,0.00,31544837.00,105.08
4014-निबन्धक - राज्य लोक सेवा अधिकरण,187301000.00,0.00,165212443.00,88.21
4029-Jt. Registrar - for Reg. GenHigh Court - Allahabad,6125789320.00,0.00,6025542742.00,98.36
4030-Jt. Registrar - Accounts - High Court - Lko,4904992920.00,0.00,5237427752.00,106.78
4031-District Judge- Chairman Distt. Legal Services Aut,16957483817.00,0.00,17859743817.00,105.32
4032-निदेशक . न्यायिक प्रशिक्षण एवं अनुसंधन संस्थान,528009000.00,0.00,482274386.00,91.34
4033-विशेष सचिव- अपर विधि परामर्शी,109714000.00,0.00,106448076.00,97.02
4034-O.S.D-District Judge - New Districts,0.00,0.00,0.00,-
4051-सहायक संभागीय परिवहन अधिकारी - प्रशासन,1530915517.00,0.00,1835686214.00,119.91
"4052-अध्यक्ष, राज्य परिवहन अपीलीय न्यायाधिकरण, उ0प्र0",9738000.00,0.00,8039280.00,82.56
4053-पीठासीन अधिकारी,9653908.00,0.00,3491350.00,36.17
"4063-परिवहन आयुक्त, उत्तर प्रदेश, लखनऊ",1643105055.00,0.00,1626902824.00,99.01
4074-उप निदेशक- क्षे0 पर्यटन अधि0- सं0 निदे0,4439597020.00,0.00,4427772699.00,99.73
4083-निदेशक - पर्यावरण निदेशालय - उ0 प्र0,138459000.00,0.00,82043664.00,59.25
4092--,39008000.00,0.00,48909072.00,125.38
4102-प्रधानाचार्य राजकीय पालीटेक्निक,2581747461.00,0.00,2785458969.00,107.89
4104-प्राचार्य -निदेशक,60845000.00,0.00,83473029.00,137.19
4107-सचिव प्राविधिक शिक्षा परिषद,109762580.00,0.00,99914678.00,91.03
4108-संयुक्त निदेशक- मुख्यालय,1150709275.00,0.00,1175048940.00,102.12
4109-निदेशक,45239000.00,0.00,52168199.00,115.32
4110-संयुक्त निदेशक प्राविधिक शिक्षा,703167719.00,0.00,738301986.00,105.00
4131-सचिव- अल्पसंख्यक आयोग,19399818.00,0.00,17636137.00,90.91
4137-निदेशक- अल्पसंख्यक कल्याण निदेशालय,9039488560.00,0.00,8230331761.00,91.05
4138-अध्यक्ष वक्फ न्यायाधिकरण,23884000.00,0.00,8042023.00,33.67
4139-जिला अल्पसंख्यक कल्याण अधिकारी,10754982274.00,0.00,10082097235.00,93.74
4140-रजिस्ट्रार उ0 प्र0 मदरसा शिक्षा परिषद,68138000.00,0.00,45437590.00,66.68
4152-जिला कार्यक्रम अधिकारी,10209228203.00,0.00,8097173019.00,79.31
4154-वरिष्ठ वित्त सलाहकार - रानी लक्ष्मीबाई महिला सम्मान कोष,1037083000.00,0.00,299613674.00,28.89
4155-जिला प्रोबेशन अधिकारी,1944473142.00,0.00,1880664862.00,96.72
4157-सदस्य सचिव - राज्य बाल अधिकार संरक्षण आयोग,39752000.00,0.00,9205990.00,23.16
"4165-निदेशक, महिला कल्याण निदेशालय, उ0प्र0",16332818791.00,0.00,16147598773.00,98.87
"4166-निदेशक, बाल विकास एवं पुष्टाहार, उ0प्र0",49910844853.00,0.00,46963664798.00,94.10
4180-वरि0 वित्त एवं लेखाधिकारी- राहत आयुक्त्त सं0,439060260.00,0.00,439308860.00,100.06
4181-आयुक्त,712376000.00,0.00,712376000.00,100.00
4182-मुख्य विकास अधिकारी,5099362200.00,0.00,5083631894.00,99.69
4183-जिलाधिकारी,41336793396.00,0.00,41045506630.00,99.30
4211-चकबन्दी आयुक्त उ0 प्र0,94655101.00,0.00,126035091.00,133.15
4212-बन्दोबस्त अधिकारी,5474973116.00,0.00,6491497360.00,118.57
4213-प्रमुख सम्पादक द्वारा नामित अधिकारी,16888000.00,0.00,19461874.00,115.24
4215-निदेशक- भूमि अध्याप्ति निदेशालय,22677622.00,0.00,22592881.00,99.63
4216-रजिस्ट्रार - बोर्ड आफ रेवेन्यू,59055000.00,0.00,65830039.00,111.47
4217-जिलाधिकारी,67849251462.00,0.00,69024523422.00,101.73
4218-आयुक्त-अपर आयुक्त वित्त,806740896.00,0.00,880635426.00,109.16
4219-आयुक्त एवं सचिव,2907350935.00,0.00,2432029938.00,83.65
4220-निदेशक - भूलेख प्रशिक्षण संस्थान,44432955.00,0.00,22465894.00,50.56
4222-पीठासीन अधिकारी,80465947.00,0.00,80283919.00,99.77
4226-वैयक्तिक सहायक (मिनि),683120747.00,0.00,933921453.00,136.71
4227-अधि0 अभि0 प्रांती0 खण्ड - अधी0 अभि0 - वृत,21659061811.00,0.00,26681221866.00,123.19
4228-अधीक्षण अभियंता - अधिशासी अभियंता,681267471.00,0.00,816530397.00,119.85
4229-वरिष्ठ स्टाफ ऑफीसर - सा0,263532088.00,0.00,354567353.00,134.54
"4230-अधीक्षण अभियंता, लखनऊ वृत",646419580.00,0.00,840780419.00,130.07
"4231-अधीक्षण अभियंता, 30 वां वृत्त",682088013.00,0.00,828775863.00,121.51
4256-प्र0 वन अधिकरी - प्र0 निदेशक,6031544525.00,0.00,6796969526.00,112.69
4257-उप वन संरक्षक - वन उपयोग अधि0,2261060424.00,0.00,2476297138.00,109.52
4260-स्थानिक आयुक्त कार्यालय,79917198.00,0.00,82544917.00,103.29
"4261-भुगतान एवं लेखाधिकारी, उ0प्र0, नई दिल्ली",226300460.00,0.00,179252902.00,79.21
4262-संयुक्त निदेशक -राज्य सम्पत्ति नि0,2187395000.00,0.00,1314784109.00,60.11
4263--,1271743652.00,0.00,1078204436.00,84.78
4267--,500000.00,0.00,500000.00,100.00
"4268-शोध अधिकारी, वित्तीय प्रबंध एवं बजट निदेशालय",17333000.00,0.00,11112576.00,64.11
4275-मुख्य कोषाधिकारी,14913689080.00,0.00,5851739218.00,39.24
4276-वरिष्ठ कोषाधिकारी,9828606097.00,0.00,7840658530.00,79.77
"4279-निदेशक कोषागार, उ0प्र0",260275726.00,0.00,277935715.00,106.79
"4291-उप निदेशक, राष्ट्रीय बचत निदेशालय",44022179.00,0.00,48175756.00,109.44
4292-सहायक निदेशक(बचत) / जिला बचत अधिकारी,247031495.00,0.00,307981709.00,124.67
"4293-अपर निदेशक, आंतरिक लेखा परीक्षा",100818500.00,0.00,108303557.00,107.42
"4294-निदेशक, वित्तीय प्रबन्ध प्रशिक्षण एवं शोध संस्थान",78338000.00,0.00,67111547.00,85.67
4298-सहायक-उप निदेशक - जिला लेखा परीक्षा अधिकारी,604507664.00,0.00,687775359.00,113.77
"4307-सहायक/ उप रजिस्ट्रार, चिट्स फर्म्स, सोसाइटीज",97958884.00,0.00,103731144.00,105.89
"4308-सहायक/ उप रजिस्ट्रार, चिट्स फर्म्स, सोसाइटीज",28211064.00,0.00,26738640.00,94.78
4311-निदेशक पेंशन,181488050.00,0.00,38684426663.00,"21,315.14"
4312-वरि0 शोध अधिकारी - अधिष्ठान पुनरीक्षण ब्यूरो,23195000.00,0.00,17320094.00,74.67
"4314-अपर निदेशक, वित्तीय नियोजन एवं संसाधन निदेशालय",26535000.00,0.00,27486172.00,103.58
"4315-वरिष्ठ वित्त एवं लेखाधिकारी, वि0सां0नि0",22747000.00,0.00,21060906.00,92.59
"4316-निदेशक, स्थानीय निधि लेखा निदेशालय",138380000.00,0.00,199992328.00,144.52
4317-मुख्य लेखा परीक्षा अधिकारी,78357685.00,0.00,94795507.00,120.98
4318-जिला लेखा परीक्षा अधिकारी,1039257573.00,0.00,1256448046.00,120.90
4320-शोध अधिकारी वेतन समिति,18528000.00,0.00,7975868.00,43.05
"4327-दावा अधिकारी, सामूहिक बीमा निदेशालय",188516000.00,0.00,189985690.00,100.78
4331-विशेष सचिव एवं वित्त नियंत्रक विधान परिषद,581408164.00,0.00,494588222.00,85.07
4334-इरला,-636986832.00,0.00,1533388450.00,-
4336-सचिव-अनुसचिव,2076625535.00,0.00,1975095575.00,95.11
4337-उपसचिव एवं मुख्य लेखाधिकारी,93989110.00,0.00,93952509.00,99.96
4338-प्रमुख सचिव -विधान परिषद,69350000.00,0.00,67937000.00,97.96
4354-वित्त एवं लेखाधिकारी,373395693436.00,0.00,372687393554.00,99.81
4362-उप निदेशक मत्स्य,648630280.00,0.00,656648245.00,101.24
4368-निदेशक -बे0 शि0 -कैम्प का0,103113291.00,0.00,121573679.00,117.90
4369-निदेशक - बे0 शि0 निदे0,117149186.00,0.00,147013845.00,125.49
4371-वित्त नियंत्रक - बेसिक शिक्षा परिषद,333427000.00,0.00,325899300.00,97.74
4372-निदेशक - अनौपचारिक शिक्षा,25216963.00,0.00,20847159.00,82.67
4476-कमान अधिकारी,510748324.00,0.00,611401604.00,119.71
4477-प्रशासनिक अधिकारी - एन0 सी0 सी0 ग्रुप मु0,614428582.00,0.00,727697696.00,118.43
4478-संयुक्त निदेशक -वित्त एवं लेखा- एन0सी0सी0 निदेशालय,19390321.00,0.00,23493620.00,121.16
4480-वित्त एवं लेखाधिकारी - माध्यमिक,368467246.00,0.00,392515447.00,106.53
4489-निदेशक- उर्दू निदेशालय,1394037.00,0.00,1816832.00,130.33
4501-अपर सचिव -क्षेत्रीय का0,535973500.00,0.00,644918899.00,120.33
4502-निदेशक- माध्य0 शि0- कैम्प का0,2184366953.00,0.00,2193526613.00,100.42
4503-निदेशक - माध्य0 शि0 निदे0,713024574.00,0.00,790477314.00,110.86
4504-जिला विद्यालय निरीक्षक - वित्त एवं लेखाधिकारी,14459275183.00,0.00,15796404697.00,109.25
4505-सचिव - माध्य0 शि0 परि0,835256300.00,0.00,899601068.00,107.70
4506-जिला विद्यालय निरीक्षक - अशासकीय मा0 वि0,89669531369.00,0.00,90763615722.00,101.22
4507-वित्त एवं लेखाधिकारी - माध्य0 शि0 सेवा चयन बोर्ड,0.00,0.00,9570162.00,-
4508-जनरल सेक्रेटरी - सैनिक स्कूल सोसाइटी,149216000.00,0.00,147864361.00,99.09
4566-क्षेत्रीय उच्च शिक्षा अधिकारी,19833118310.00,0.00,19393535591.00,97.78
4567-उप निदेशक - रा0 उ0 शिक्षा अभियान,1085178590.00,0.00,1085178590.00,100.00
4569-विशेष कार्याधिकारी - उच्च शिक्षा - राष्ट्रीय सेवा,112638516.00,0.00,114613483.00,101.75
4570-क्षेत्रीय उच्च शिक्षा अधिकारी,1180267761.00,0.00,1179270436.00,99.92
4572-प्राचार्य,1368958725.00,0.00,1512146115.00,110.46
4573-क्षेत्रीय उच्च शिक्षा अधिकारी- प्राचार्य,271457774.00,0.00,290526635.00,107.02
4574-उ0 शि0 निदेशक इलाहाबाद- प्राचार्य,1763500166.00,0.00,1850866545.00,104.95
4575-प्राचार्य,161891135.00,0.00,152366460.00,94.12
4576-प्राचार्य,27058385.00,0.00,26672695.00,98.57
4577-प्राचार्य,642238209.00,0.00,662341733.00,103.13
4578-प्राचार्य,560438825.00,0.00,566520075.00,101.09
4579-प्राचार्य,104427960.00,0.00,110097564.00,105.43
4581-सचिव,2500000.00,0.00,8329405.00,333.18
4606-निदेशक - राज्य शै0 अनु0 एवं प्र0 परि0 - हिंदी संस्थान,327946000.00,0.00,376199901.00,114.71
4607-प्राचार्य - जिला शिक्षा एवं प्रशिक्षण संस्थान,1017317361.00,0.00,1184601009.00,116.44
4608-प्राचार्य - जिला शिक्षा एवं प्रशि सं. - कानपुर दे0,13705000.00,0.00,13245090.00,96.64
4609-निदेशक - राज्य विज्ञान शिक्षा संस्थान,141390000.00,0.00,147044861.00,104.00
4619-चिकित्सा अधी०-मोदीनगर,62154000.00,0.00,74062216.00,119.16
4620-निदेशक - कर्मचारी राज्य बीमा योजना-श्रम चि0 से0,623250651.00,0.00,757604810.00,121.56
4621-प्रभारी चिकित्सा अधिकारी,211772700.00,0.00,250318544.00,118.20
4622-चिकित्सा अधीक्षक,283522262.00,0.00,320003237.00,112.87
4623-मुख्य चिकित्सा अधिकारी,385006015.00,0.00,493226200.00,128.11
4624-श्रमयुक्त,481352400.00,0.00,545900016.00,113.41
4625-अपर आयुक्त.बालश्रम प्रवर्तन - उप श्रमायुक्त,3018677528.00,0.00,3288399500.00,108.94
4632-निदेशक-प्राविधिक - प्रादेशिक स्टाफ प्रशि0 एवं शोध केंद्र,53076000.00,0.00,47881613.00,90.21
4633-जिला सेवायोजन अधि0 - क्षेत्रीय सेवायोजन अधि0,794717366.00,0.00,981113537.00,123.45
4634-प्रधानाचार्य,5607806000.00,0.00,6143145253.00,109.55
4636-निदेशक -प्रशि0 एवं सेवायोजन नि0,3626204984.00,0.00,3633234526.00,100.19
4646-अनु सचिव ग्राम्य विकास सचिव शाखा,129010281.00,0.00,169120860.00,131.09
4647-आ0वि0अ0- चिकित्सा सचिव शाखा,115004369.00,0.00,137698201.00,119.73
4648-अनु सचिव परिवहन सचिव शाखा,79792610.00,0.00,117443972.00,147.19
4649-अनु सचिव- मु0 मंत्री कार्यालय,3006624320.00,0.00,3017749929.00,100.37
4650-अनु सचिव - राजस्व सचिव शाखा,134250030.00,0.00,110318299.00,82.17
4651-उप सचिव - सचि0 प्रशा0 विभाग,2614986112.00,0.00,3178477353.00,121.55
4652-अनु सचिव समाज कल्याण सचिव शाखा,125674729.00,0.00,158771759.00,126.34
4653-संयुक्त सचिव ‌प्रशासनिक सुधार,73027213.00,0.00,81898390.00,112.15
4654-.,47272000.00,0.00,28130926.00,59.51
4655-श्रम लेखा,75075261.00,0.00,75578095.00,100.67
4656-उपसचिव- वित्त सचिव शाखा,26214817708.00,0.00,734672959657.00,"2,802.51"
4658-अनुसचिव सिंचाई सचिव शाखा,128438997.00,0.00,167380160.00,130.32
4659-संयुक्त सचिव - लोक निर्माण,81323982.00,0.00,83810426.00,103.06
4660-उप सचिव - गृह विभाग,258161672.00,0.00,325007812.00,125.89
4661-under secretary- food and civil supply,80477507.00,0.00,91888235.00,114.18
4662-अनु सचिव कृषि सचिव शाखा,127516072.00,0.00,155143878.00,121.67
4664-Special Secretary - Judicial,641017086.00,0.00,636058684.00,99.23
4665-अनुसचिव नगरीय रोजगार एवं गरीबी उन्मूलन का0 वि0,79661563.00,0.00,72594262.00,91.13
4666-अनु सचिव उद्योग सचिव शाखा,99663907.00,0.00,119457448.00,119.86
4667-संयुक्त सचिव नियोजन सचिव शाखा,31822992.00,0.00,36438833.00,114.50
4668-अनु सचिव - नियुक्ति सचिव शाखा,115668630.00,0.00,189052517.00,163.44
4669-अनु सचिव - शिक्षा विभाग,114626927.00,0.00,134949353.00,117.73
4670-अनु सचिव - भाषा विभाग,53686576.00,0.00,57884790.00,107.82
4671-अनु सचिव - आवास एवं शहरी नियोजन विभाग,8575094548.00,0.00,8577238641.00,100.03
4673--,24684675.00,0.00,22250446.00,90.14
4685-अनु सचिव - कर निबंधन - लेखा,67676323.00,0.00,91796688.00,135.64
4686-निदेशक द्वारा नामित अधि0- विक0 कल्याण निदे0,8463163805.00,0.00,8416027764.00,99.44
4687-जिला विकलांग कल्याण अधिकारी,852499266.00,0.00,867584217.00,101.77
4688-उपायुक्त - विकलांग जन,15225000.00,0.00,15576337.00,102.31
4692--,13799000.00,0.00,13250999.00,96.03
4693--,37162500.00,0.00,38221061.00,102.85
4701-निदेशक,18609550325.00,0.00,18615735501.00,100.03
4702-जिला पिछडा वर्ग कल्याण अधिकारी,2180996294.00,0.00,2218715582.00,101.73
4705-सचिव - राज्य पिछ0 वर्ग आयोग,58236000.00,0.00,59079050.00,101.45
4706-निदेशक,29755000.00,0.00,21674994.00,72.84
4707-समाज क0 अधि0- अनु0 जाति- जनजाति वि0-परियोजना अधि0,982529916.00,0.00,987950441.00,100.55
4708-निदेशक- समाज कल्याण उ0प्र0,55124081976.00,0.00,55093812637.00,99.95
4709-जिला समाज कल्याण अधिकारी - वित्त एवं लेखाधिकारी,17555156305.00,0.00,17580241622.00,100.14
4716-अनु सचिव - लोक आयुक्त,74696000.00,0.00,76541735.00,102.47
4717-सचिव- सतर्कता आयोग एवं प्रशासनाधिकरण,40354000.00,0.00,27584537.00,68.36
4719-निदेशक - सतर्कता अधिष्ठान,285551398.00,0.00,494826817.00,173.29
4720-पुलिस अधीक्षक - सतर्कता अधिष्ठान,333254865.00,0.00,502806827.00,150.88
4726-जिला सूचना अधिकारी / सहा0/ उप निदेशक,440362525.00,0.00,465639758.00,105.74
4727-उपनिदेशक - सार्वजनिक उद्यम ब्यूरो,64177000.00,0.00,85522187.00,133.26
4728-उपनिदेशक - सार्वजनिक उद्यम ब्यूरो,2034000.00,0.00,1764315.00,86.74
4730--,158021000.00,0.00,143747877.00,90.97
"4731-निदेशक, सूचना निदेशालय, उ0प्र0",5185120228.00,0.00,5110637857.00,98.56
4732-निदेशक . सैनिक कल्याण विभाग,97577524.00,0.00,96806793.00,99.21
4733-जिला सैनिक कल्याण एवं पुर्नवास अधिकारी,561655244.00,0.00,556955874.00,99.16
4737-महानिदेशक संस्थागत वित्त बीमा एवं वाहय सहा0 परि0,64414000.00,0.00,74516155.00,115.68
4738-क्षएत्रीय अधिकारी - संस्थागत वित्त,18749700.00,0.00,15950254.00,85.07
"4747-संयुक्त निदेशक(प्रशिक्षण), वाणिज्य कर",66410000.00,0.00,82873961.00,124.79
4749-अध्यक्ष- वाणिज्य कर अधिकरण,29886000.00,0.00,52201720.00,174.67
4750-सदस्य- वाणिज्य कर अधिकरण - पीठ-1,202497056.00,0.00,268008259.00,132.35
4751-सदस्य- वाणिज्य कर अधिकरण - पीठ,29122678.00,0.00,38887050.00,133.53
4752-सहा0 आयुक्त(ए)/ उप आयुक्त(प्रशासन)/(असेसमेंट),7124524572.00,0.00,21212433870.00,297.74
"4753-आ.वि.अ.(मु.), वाणिज्य कर, उ0प्र0",1360350938.00,0.00,1158938554.00,85.19
4754-उप वाणिज्य कर आयुक्त(उच्च न्यायालय कार्य),1775000.00,0.00,1775011.00,100.00
"4761-महानिरीक्षक, निबंधन/ अपर सचिव राजस्व",43893366.00,0.00,43819672.00,99.83
"4762-अपर सचिव, राजस्व परिषद",1227568000.00,0.00,1075728383.00,87.63
4773-निदेशक -पुरातत्व,55580000.00,0.00,61144374.00,110.01
4774-क्षेत्रीय अभिलेख अधिकारी -क्षेत्रीय पुरातत्व अधि0,32018000.00,0.00,29690833.00,92.73
4776-निदेशक - संग्रहालय,350665260.00,0.00,362054818.00,103.25
4779-निदेशक-अभिलेखागार,48407000.00,0.00,43805566.00,90.49
4780-निदेशक- संस्कृति,813126585.00,0.00,819664074.00,100.80
4801-अधिशासी अभियन्ता-सिंचाई,24354277072.00,0.00,29098897792.00,119.48
4802-अधिशासी अभियन्ता-सिंचाई,7578319290.00,0.00,9323341246.00,123.03
4803-अधिशासी अभियन्ता-सिंचाई,2549837955.00,0.00,3231607932.00,126.74
4804-अधिशासी अभियन्ता-सिंचाई- वैय0 सहा0-का0 प्र0 अनु-1,863256344.00,0.00,1207815541.00,139.91
4805-अधिशासी अभियन्ता-सिंचाई,373669890.00,0.00,477136465.00,127.69
4806-अधिशासी अभियन्ता-सिंचाई,358662584.00,0.00,419476752.00,116.96
4807--,296536458.00,0.00,285976308.00,96.44
4808-मुख्य अभि0- पैक्ट,66247371.00,0.00,70410501.00,106.28
4809-मैनेजर प्रशासन - राज्य जल संसाधन अभिकरण,33556492.00,0.00,44108902.00,131.45
6000--,970637000.00,0.00,986450419.00,101.63
6001--,5171589134.00,0.00,5146235915.00,99.51
6002--,410031000.00,0.00,342423312.00,83.51
6003--,211338826079.00,0.00,211333323732.00,100.00
6004-प्रबंध निदेशक,200000000.00,0.00,200000000.00,100.00
6005--,55162000.00,0.00,55162000.00,100.00
6006--,23760000.00,0.00,21329540.00,89.77
6007--,1094303862.00,0.00,856021724.00,78.23
6008--,1573678500.00,0.00,1433087700.00,91.07
6009--,78930000.00,0.00,78729353.00,99.75
6010--,1933033000.00,0.00,1933033000.00,100.00
6011--,7127426764.00,0.00,6987426764.00,98.04
6012--,103968972.00,0.00,99774072.00,95.97
6013--,2377151000.00,0.00,2377151000.00,100.00
6014--,43821716527.00,0.00,43832198012.00,100.02
6015--,7222790633.00,0.00,7222790633.00,100.00
6016--,129146000.00,0.00,119648681.00,92.65
6017--,289844000.00,0.00,271936000.00,93.82
6018-वित्त एवं लेखाधिकारी,28742000.00,0.00,20888310.00,72.68
6021--,30321000.00,0.00,30321000.00,100.00
6023--,235528000.00,0.00,235528000.00,100.00
6024-सचिव - उ0प्र0 विद्युत नियामक आयोग,169400000.00,0.00,169400000.00,100.00
6026-वित्त अधिकारी - संजय गांधी स्नातकोत्तर आयुर्विज्ञान संस्थान - लखनऊ,8323164000.00,0.00,8214700000.00,98.70
6034--,15000000.00,0.00,14999873.00,100.00
6035-अधिशासी निदेशक - उ0 प्र0 रा0 कर्मचारी कल्याण निगम,8344000.00,0.00,6819000.00,81.72
6037--,66319004998.00,0.00,87000904798.00,131.19
6038--,137770000.00,0.00,103560000.00,75.17
6040--,116159000.00,0.00,116159000.00,100.00
6042-मुख्य प्रबंधक - उ0प्र0 राज्य विद्युत उत्पादन निगम लि0,28951400000.00,0.00,28951400000.00,100.00
6047-up desco,855595546.00,0.00,781928505.00,91.39
6052-वित्त अधिकारी - छत्रपति शाहूजी महाराज चिकित्सा वि0 वि0 -लखनऊ,9273804200.00,0.00,9269304200.00,99.95
6053--,78200000.00,0.00,62557686.00,80.00
6054--,0.00,0.00,1010139.00,-
6061--,163486224.00,0.00,153486224.00,93.88
6062-अधिशासी निदेशक - उ0प्र0 सचिवालय सत्कार सेवा संस्था,185297000.00,0.00,169303000.00,91.37
6066-उप महाप्रबंधक- वित्त- उ0प्र0 पावर ट्रांसमिशन कॉरपोरेशन लि0,16904857000.00,0.00,16904857000.00,100.00
6067--,150742000.00,0.00,150105000.00,99.58
6069--,5749000.00,0.00,1355678.00,23.58
6071-वित्त नियंत्रक कैंसर इंस्टिट्यूट,2403403000.00,0.00,2203403000.00,91.68
6072-संयुक्त सचिव,60000000.00,0.00,60000000.00,100.00
6073-प्रबन्ध निदेशक उ0 प्र0 मेडिकल सप्लाईज कारपोरैशन,5558627418.00,0.00,4756973543.00,85.58
6074-वित्त अधिकारी,499164795.00,0.00,509464795.00,102.06
6121--,995977000.00,0.00,995977000.00,100.00
6151--,939300000.00,0.00,897300000.00,95.53
6225-वित्त अधिकारी,274475000.00,0.00,264060425.00,96.21
6300--,50703000.00,0.00,46581336.00,91.87
6900--,0.00,0.00,11468530.00,-
6904--,0.00,0.00,429510.00,-
6906--,0.00,0.00,314086.00,-
6969--,1865513000.00,0.00,1865513000.00,100.00
8002--,9802000.00,0.00,9802000.00,100.00
8013--,22081449776.00,0.00,22081449776.00,100.00
8014--,47764167911.00,0.00,47756109861.00,99.98
8015-सचिव -अनु0 जा0 एवं अनु0 जन0 आयोग,40005000.00,0.00,19732663.00,49.33
8017--,325024000.00,0.00,325024000.00,100.00
8021--,501000000.00,0.00,501000000.00,100.00
8980--,0.00,0.00,2779838254.00,-
8990--,0.00,0.00,540393729.00,-
8991--,0.00,0.00,133841915.00,-
8992--,0.00,0.00,22313350.00,-
8993--,0.00,0.00,96132.00,-
8994--,0.00,0.00,41451721404.00,-
8997--,0.00,0.00,7172141.00,-
8998--,0.00,0.00,140238290.00,-
9001-इरला चेक,-25855365.00,0.00,0.00,-
EGPF--,0.00,0.00,28010144816.00,-
PLA--,0.00,0.00,-1104620590.00,-
--,0.00,0.00,472305247190.48,-
